Model,accuracy,precision,recall,weighted_f1_score,AUC,AP
Decision Tree,0.0,0.0,0.0,0.0,0.0,0.0
Random Forest,0.0,0.0,0.0,0.0,0.0,0.0
XGB,0.0,0.0,0.0,0.0,0.0,0.0
SVM,0.0,0.0,0.0,0.0,0.0,0.0
KNN,0.0,0.0,0.0,0.0,0.0,0.0
Logistic Regression,0.0,0.0,0.0,0.0,0.0,0.0
Naive Bayes,0.0,0.0,0.0,0.0,0.0,0.0
Neural Network,0.6562997640106675,0.6552966084251843,0.6562997640106675,0.6385024992101994,0.7355116343837474,0.6696186068329212
